Star,JDs,Radial Velocity
EPIC7221,18666.729259,8.163851999999999
EPIC7221,18683.792269,-9.670036
EPIC7221,18713.711968,-3.2171369999999975
