Star,JDs,Radial Velocity
2M1639-24,18663.691748,-12.251592
2M1639-24,18683.692164,-5.463546999999998
