Star,JDs,Radial Velocity
2M1626-23,18664.786829,105.706812
