Star,JDs,Radial Velocity
AS209,18661.745312,-6.885168
AS209,18680.786701,-7.035133000000002
AS209,18696.747928,-6.784721000000001
AS209,18711.735764,-7.174350999999998
