Star,JDs,Radial Velocity
T67938191,18663.699688,-1.4816119999999984
T67938191,18679.721169,-1.2873020000000004
T67938191,18693.716817,-3.527956999999997
