Star,JDs,Radial Velocity
DG_TAU,18720.937917,23.955050488586
DG_TAU,18788.946748,23.83169984331
