Star,JDs,Radial Velocity
DH_TAU,18733.019722,12.955194345576
DH_TAU,18748.95375,27.936646406905002
DH_TAU,18764.93044,12.714347712229
