Star,JDs,Radial Velocity
GK_TAU,18693.99022,21.057477575076003
