Star,JDs,Radial Velocity
143006,18653.854039,-0.05464300000000044
