Star,JDs,Radial Velocity
283447,18693.984641,8.382557000000002
283447,18788.952731,22.603416
