Star,JDs,Radial Velocity
2M2023P42,18661.869491,-13.44399740242
2M2023P42,18679.745208,-9.682481579257
2M2023P42,18693.767002,-7.936836539278
2M2023P42,18707.787338,-11.538061757447
