Star,JDs,Radial Velocity
W96-899,18746.945891,32.4156
W96-899,18772.983229,35.490643
