JD,order 34 radial velocity (km/s),order 35 radial velocity (km/s),order 41 radial velocity (km/s)
18692.98463,16.970173430472002,16.470173430472002,17.470173430472002
18732.981007,18.270462895818,14.770462895818,19.270462895818
18747.799225,16.577675470630002,16.077675470630002,16.577675470630002
18761.825255,18.688206971775998,13.688206971775998,16.188206971775998
18775.830787,16.501548082386,15.001548082386002,17.001548082386
18794.905081,16.133720722642,15.633720722642,17.133720722642
