Star,SD [km/s]
HD142666,3.258107525120479
HD36112,1.632672049550579
CQTAU,12.016651696162127
