JD,order 38 radial velocity (km/s),order 39 radial velocity (km/s),order 40 radial velocity (km/s)
18746.945891,32.4156,32.4156,44.4156
18772.983229,35.990643,28.990643,35.490643
